{"cameraMode":{"drawMode":2,"name":"Shaded Wireframe","section":"Shading Mode"},"sceneLighting":true,"audioPlay":false,"sceneViewState":{"m_AlwaysRefresh":false,"showFog":true,"showSkybox":true,"showFlares":true,"showImageEffects":true,"showParticleSystems":true,"showVisualEffectGraphs":true,"m_FxEnabled":true},"in2DMode":false,"pivot":{"x":0.04137479141354561,"y":13.049698829650879,"z":-23.748170852661134},"rotation":{"x":-0.39133772253990176,"y":-0.03120514750480652,"z":0.013242158107459546,"w":-0.9196646809577942},"size":11.425561904907227,"orthographic":false}